epoch,time,train/giou_loss,train/cls_loss,train/l1_loss,metrics/precision(B),metrics/recall(B),metrics/mAP50(B),metrics/mAP50-95(B),val/giou_loss,val/cls_loss,val/l1_loss,lr/pg0,lr/pg1,lr/pg2
1,511.94,0.93155,1.23743,0.39091,0.16547,0.48196,0.04006,0.02105,0.59458,1.54956,0.22653,3.32738e-05,3.32738e-05,0.0667595
2,1003.36,0.66934,1.19414,0.2382,0.36002,0.34492,0.07962,0.04054,0.53257,1.30399,0.18999,6.65909e-05,6.65909e-05,0.0334594
3,1494.26,0.61299,0.96249,0.21319,0.41325,0.4924,0.38659,0.21441,0.48853,0.86587,0.18109,9.98429e-05,9.98429e-05,0.000159367
4,1985,0.56563,0.81684,0.19543,0.51522,0.60022,0.51843,0.29056,0.49061,0.75222,0.17923,9.97803e-05,9.97803e-05,9.97803e-05
5,2475.4,0.55393,0.74179,0.19173,0.59472,0.63009,0.59545,0.33593,0.47814,0.669,0.17486,9.96097e-05,9.96097e-05,9.96097e-05
6,2965.44,0.52994,0.69382,0.17921,0.60972,0.65627,0.63617,0.35498,0.47236,0.64519,0.16961,9.93906e-05,9.93906e-05,9.93906e-05
7,3455.29,0.51445,0.67392,0.17575,0.62418,0.67167,0.65305,0.37535,0.46796,0.6441,0.16892,9.91232e-05,9.91232e-05,9.91232e-05
8,3945.18,0.50687,0.64741,0.16981,0.66427,0.71414,0.67552,0.39072,0.45566,0.6346,0.165,9.88079e-05,9.88079e-05,9.88079e-05
9,4435.03,0.49404,0.63259,0.163,0.67554,0.71261,0.6927,0.40202,0.46371,0.61703,0.17497,9.84449e-05,9.84449e-05,9.84449e-05
10,4924.73,0.49166,0.61082,0.15855,0.6736,0.75529,0.70839,0.41247,0.44997,0.6034,0.1651,9.80345e-05,9.80345e-05,9.80345e-05
11,5415.77,0.47414,0.60369,0.15402,0.69719,0.73504,0.72443,0.43148,0.44379,0.58541,0.16095,9.75773e-05,9.75773e-05,9.75773e-05
12,5906.18,0.47199,0.59068,0.15292,0.70451,0.73847,0.72568,0.42769,0.44809,0.57862,0.16178,9.70736e-05,9.70736e-05,9.70736e-05
13,6395.61,0.46294,0.58091,0.15028,0.70333,0.76914,0.74092,0.44833,0.43569,0.5741,0.15833,9.65239e-05,9.65239e-05,9.65239e-05
14,6886.21,0.45779,0.56815,0.1456,0.7054,0.77049,0.747,0.45129,0.43508,0.57191,0.15963,9.59289e-05,9.59289e-05,9.59289e-05
15,7377.21,0.45018,0.5691,0.14566,0.70139,0.79021,0.74997,0.45492,0.43229,0.56313,0.15656,9.52889e-05,9.52889e-05,9.52889e-05
16,7868.98,0.4486,0.5615,0.14003,0.71075,0.76765,0.74918,0.45423,0.4356,0.56486,0.15798,9.46048e-05,9.46048e-05,9.46048e-05
17,8358.66,0.43904,0.55837,0.13933,0.71528,0.77765,0.75973,0.46348,0.42999,0.57379,0.15727,9.38772e-05,9.38772e-05,9.38772e-05
18,8848.82,0.4326,0.54338,0.13835,0.71384,0.7842,0.76179,0.46513,0.43111,0.57034,0.15877,9.31067e-05,9.31067e-05,9.31067e-05
19,9338.57,0.43626,0.54616,0.13691,0.73446,0.78474,0.76903,0.47615,0.42519,0.56515,0.15826,9.22942e-05,9.22942e-05,9.22942e-05
20,9828.69,0.42262,0.53528,0.13159,0.72653,0.79105,0.77175,0.47576,0.4265,0.56525,0.15709,9.14405e-05,9.14405e-05,9.14405e-05
21,10318.5,0.41312,0.53215,0.13238,0.73156,0.7882,0.7682,0.46843,0.43075,0.56744,0.15935,9.05463e-05,9.05463e-05,9.05463e-05
22,10808.4,0.41465,0.52936,0.13008,0.7429,0.79358,0.77899,0.47589,0.42522,0.55983,0.159,8.96127e-05,8.96127e-05,8.96127e-05
23,11298.8,0.41249,0.51902,0.12729,0.73511,0.79597,0.78023,0.4752,0.42897,0.54038,0.15965,8.86404e-05,8.86404e-05,8.86404e-05
24,11789.1,0.40738,0.50975,0.12591,0.74862,0.78871,0.77511,0.47829,0.42643,0.55721,0.15858,8.76305e-05,8.76305e-05,8.76305e-05
25,12280,0.40272,0.51491,0.12526,0.73918,0.78839,0.77994,0.4859,0.42047,0.55244,0.15454,8.65839e-05,8.65839e-05,8.65839e-05
26,12770.7,0.39562,0.5073,0.12291,0.76028,0.78275,0.78179,0.48838,0.42532,0.56519,0.16123,8.55018e-05,8.55018e-05,8.55018e-05
27,13260.9,0.39418,0.49928,0.12264,0.73954,0.80232,0.78696,0.49022,0.42139,0.56228,0.15448,8.43851e-05,8.43851e-05,8.43851e-05
28,13750.8,0.3946,0.49594,0.12089,0.74911,0.78747,0.78163,0.48968,0.42223,0.5515,0.15709,8.32349e-05,8.32349e-05,8.32349e-05
29,14240.8,0.38205,0.49219,0.11962,0.75896,0.78219,0.78478,0.49313,0.42175,0.55715,0.15713,8.20525e-05,8.20525e-05,8.20525e-05
30,14731.3,0.38446,0.4908,0.11797,0.75721,0.79537,0.78901,0.49627,0.42242,0.54802,0.1583,8.08389e-05,8.08389e-05,8.08389e-05
31,15221.7,0.38093,0.48541,0.11493,0.75593,0.7835,0.78283,0.49517,0.42106,0.57578,0.15874,7.95954e-05,7.95954e-05,7.95954e-05
32,15711.6,0.38107,0.47772,0.11375,0.7571,0.76742,0.77868,0.49206,0.42,0.57148,0.15622,7.83231e-05,7.83231e-05,7.83231e-05
33,16201.5,0.3777,0.47904,0.11565,0.75074,0.78819,0.783,0.49308,0.41927,0.5644,0.15674,7.70234e-05,7.70234e-05,7.70234e-05
34,16691,0.3719,0.47274,0.11173,0.76517,0.78154,0.78281,0.49481,0.4207,0.563,0.15665,7.56976e-05,7.56976e-05,7.56976e-05
35,17180.9,0.36722,0.47018,0.11224,0.76365,0.77693,0.77975,0.49472,0.41812,0.5772,0.15767,7.43468e-05,7.43468e-05,7.43468e-05
36,17670.8,0.36527,0.47283,0.11006,0.76289,0.79277,0.7926,0.50136,0.41902,0.57175,0.16105,7.29725e-05,7.29725e-05,7.29725e-05
37,18161.8,0.36216,0.46647,0.11074,0.75475,0.79966,0.79016,0.50227,0.41861,0.56532,0.15831,7.15761e-05,7.15761e-05,7.15761e-05
38,18652,0.36152,0.46317,0.10593,0.76892,0.79051,0.79361,0.50975,0.41709,0.57229,0.15659,7.01588e-05,7.01588e-05,7.01588e-05
39,19142.1,0.35903,0.46224,0.10666,0.76916,0.79324,0.79141,0.50319,0.4221,0.57611,0.16277,6.87222e-05,6.87222e-05,6.87222e-05
40,19631.9,0.35668,0.45993,0.10593,0.74675,0.80508,0.79106,0.50377,0.41988,0.58259,0.15819,6.72675e-05,6.72675e-05,6.72675e-05
41,20121.2,0.35398,0.45495,0.10444,0.75603,0.80383,0.79293,0.50735,0.41714,0.57682,0.15693,6.57963e-05,6.57963e-05,6.57963e-05
42,20611.7,0.34927,0.45272,0.10326,0.76998,0.78909,0.79409,0.5128,0.41569,0.58299,0.15602,6.43101e-05,6.43101e-05,6.43101e-05
43,21101.2,0.35007,0.44369,0.10184,0.76286,0.80525,0.79583,0.50944,0.41737,0.57518,0.15886,6.28101e-05,6.28101e-05,6.28101e-05
44,21590.7,0.34809,0.4433,0.10157,0.75654,0.80427,0.79386,0.51139,0.41454,0.5865,0.15807,6.12981e-05,6.12981e-05,6.12981e-05
45,22081.6,0.34543,0.44531,0.10303,0.76763,0.80018,0.79771,0.51156,0.41447,0.57099,0.15684,5.97754e-05,5.97754e-05,5.97754e-05
46,22572.3,0.34403,0.43899,0.10121,0.76471,0.81016,0.79745,0.51185,0.4141,0.58933,0.15832,5.82435e-05,5.82435e-05,5.82435e-05
47,23062.3,0.34026,0.43576,0.10048,0.76775,0.79934,0.79712,0.51353,0.41379,0.58957,0.15837,5.6704e-05,5.6704e-05,5.6704e-05
48,23552.7,0.33626,0.43606,0.09906,0.77031,0.79971,0.79724,0.51396,0.41328,0.58484,0.15609,5.51584e-05,5.51584e-05,5.51584e-05
49,24043.1,0.33552,0.43111,0.09774,0.77172,0.78698,0.79299,0.50961,0.42077,0.58669,0.162,5.36081e-05,5.36081e-05,5.36081e-05
50,24533.1,0.33462,0.4349,0.09928,0.77126,0.78987,0.79173,0.51088,0.41713,0.59236,0.16335,5.20548e-05,5.20548e-05,5.20548e-05
51,25023.4,0.33472,0.42762,0.09594,0.7677,0.80075,0.79435,0.51001,0.41655,0.59506,0.16235,5.05e-05,5.05e-05,5.05e-05
52,25515.6,0.33021,0.42556,0.09452,0.75995,0.80362,0.79401,0.5117,0.41679,0.60218,0.16292,4.89452e-05,4.89452e-05,4.89452e-05
53,26006.1,0.32636,0.42284,0.0933,0.77354,0.80776,0.79824,0.51483,0.41356,0.59625,0.16091,4.73919e-05,4.73919e-05,4.73919e-05
54,26496.3,0.32832,0.41931,0.09506,0.78215,0.78865,0.79477,0.51345,0.41504,0.60033,0.16037,4.58416e-05,4.58416e-05,4.58416e-05
55,26986.4,0.32305,0.4213,0.09352,0.77737,0.79638,0.79293,0.51292,0.41608,0.60329,0.16144,4.4296e-05,4.4296e-05,4.4296e-05
56,27475.9,0.32519,0.41909,0.09202,0.76783,0.80538,0.79531,0.51534,0.41334,0.59749,0.16147,4.27565e-05,4.27565e-05,4.27565e-05
57,27965.6,0.32639,0.41669,0.09251,0.76624,0.8034,0.79496,0.51581,0.41185,0.60195,0.16034,4.12246e-05,4.12246e-05,4.12246e-05
58,28456.3,0.32458,0.41376,0.09121,0.76955,0.79579,0.7962,0.51744,0.41213,0.61031,0.16187,3.97019e-05,3.97019e-05,3.97019e-05
59,28946.3,0.3169,0.41282,0.09206,0.77063,0.80057,0.79582,0.51697,0.41487,0.60128,0.16388,3.81899e-05,3.81899e-05,3.81899e-05
60,29436.8,0.31136,0.40837,0.09094,0.77828,0.79978,0.79955,0.52086,0.41158,0.60372,0.16125,3.66899e-05,3.66899e-05,3.66899e-05
61,29927.9,0.31252,0.40704,0.09004,0.78231,0.79965,0.7994,0.5206,0.41246,0.60615,0.16291,3.52037e-05,3.52037e-05,3.52037e-05
62,30418.8,0.31137,0.40466,0.08899,0.78509,0.79394,0.7957,0.51985,0.41217,0.6215,0.16159,3.37325e-05,3.37325e-05,3.37325e-05
63,30909.5,0.31409,0.40538,0.08841,0.77924,0.79483,0.79564,0.52012,0.41538,0.61398,0.16492,3.22778e-05,3.22778e-05,3.22778e-05
64,31399.7,0.31003,0.40075,0.0891,0.77663,0.79575,0.79765,0.51959,0.41525,0.61888,0.16605,3.08412e-05,3.08412e-05,3.08412e-05
65,31889.8,0.30502,0.39563,0.08758,0.78404,0.7949,0.79902,0.52347,0.41283,0.61456,0.1632,2.94239e-05,2.94239e-05,2.94239e-05
66,32379.8,0.30358,0.3969,0.08627,0.78139,0.79825,0.79829,0.52254,0.41329,0.61896,0.1611,2.80275e-05,2.80275e-05,2.80275e-05
67,32869.4,0.30685,0.3939,0.08686,0.78099,0.79697,0.79837,0.52137,0.41334,0.62242,0.16284,2.66532e-05,2.66532e-05,2.66532e-05
68,33359.4,0.30512,0.39501,0.08764,0.77574,0.79924,0.79807,0.5218,0.41442,0.61852,0.16603,2.53024e-05,2.53024e-05,2.53024e-05
69,33849.6,0.30503,0.39241,0.08621,0.77344,0.80217,0.79753,0.52161,0.41415,0.61937,0.16413,2.39766e-05,2.39766e-05,2.39766e-05
70,34339.9,0.29995,0.39394,0.08764,0.77952,0.79786,0.79635,0.52144,0.41501,0.61532,0.16564,2.26769e-05,2.26769e-05,2.26769e-05
71,34830.9,0.30096,0.3891,0.08557,0.77082,0.79971,0.79628,0.52014,0.41697,0.6176,0.16673,2.14046e-05,2.14046e-05,2.14046e-05
